B02,B03,B04,B08,Gewas
209,246,195,245, waterloop
217,229,197,255, waterloop
214,226,195,255, waterloop
204,230,172,263, waterloop
198,223,189,238, waterloop
206,226,191,273, waterloop
232,271,185,357, waterloop
202,227,188,248, waterloop
205,239,192,228, waterloop
210,226,190,259, waterloop
217,262,203,449, waterloop
229,258,207,353, waterloop
215,223,192,231, waterloop
230,239,186,239, waterloop
219,219,183,248, waterloop
210,259,194,340, waterloop
224,254,185,309, waterloop
210,220,177,234, waterloop
230,230,184,230, waterloop
216,242,174,231, waterloop
206,248,198,492, waterloop
190,236,187,303, waterloop
209,222,179,243, waterloop
223,222,182,221, waterloop
226,228,178,217, waterloop
200,228,187,302, waterloop
197,245,175,203, waterloop
199,220,183,214, waterloop
219,225,186,215, waterloop
221,238,189,322, waterloop
197,240,187,260, waterloop
192,238,188,210, waterloop
189,217,178,210, waterloop
208,255,192,358, waterloop
215,231,196,308, waterloop
219,228,193,252, waterloop
190,216,192,218, waterloop
197,238,187,256, waterloop
203,242,186,263, waterloop
223,240,185,235, waterloop
208,232,186,522, waterloop
209,248,201,233, waterloop
209,233,190,246, waterloop
222,321,223,1343, waterloop
202,265,211,373, waterloop
187,222,193,244, waterloop
246,372,233,1759, waterloop
190,280,185,492, waterloop
199,234,198,268, waterloop
222,265,180,473, waterloop
209,216,182,237, waterloop
204,251,193,484, waterloop
201,239,181,253, waterloop
201,239,185,357, waterloop
276,462,390,2349, dodenakker
343,295,454,3168, dodenakker
352,734,594,2467, dodenakker
240,484,680,3366, dodenakker
271,405,304,2941, dodenakker
253,720,274,3096, dodenakker
473,698,300,2417, dodenakker
281,332,535,2702, dodenakker
224,615,584,2607, dodenakker
284,505,611,2056, dodenakker
215,495,720,3189, dodenakker
347,326,609,3218, dodenakker
362,652,340,2596, dodenakker
336,600,508,2210, dodenakker
288,861,293,2973, dodenakker
481,517,269,2416, dodenakker
198,385,528,2798, dodenakker
332,509,883,2624, dodenakker
254,698,658,3112, dodenakker
362,431,657,2203, dodenakker
478,537,292,2205, dodenakker
267,468,332,2864, dodenakker
303,492,497,3044, dodenakker
348,697,657,2177, dodenakker
320,802,447,2967, dodenakker
239,484,532,2702, dodenakker
599,419,296,3253, dodenakker
248,593,372,2927, dodenakker
379,739,298,2499, dodenakker
183,479,659,2697, dodenakker
316,313,712,2050, dodenakker
318,658,429,2421, dodenakker
256,422,415,2504, dodenakker
478,647,617,2479, dodenakker
266,445,266,2436, dodenakker
472,466,544,2460, dodenakker
180,470,412,2654, dodenakker
281,405,326,2833, dodenakker
469,777,393,2322, dodenakker
332,583,266,3423, dodenakker
282,324,417,1987, dodenakker
415,505,420,3051, dodenakker
498,431,341,3204, dodenakker
426,583,544,2023, dodenakker
318,638,420,2708, dodenakker
187,505,544,2912, dodenakker
382,638,1005,2800, dodenakker
436,685,594,2275, dodenakker
275,673,411,3097, dodenakker
402,468,759,2987, dodenakker
272,397,416,2521, dodenakker
405,553,862,2363, dodenakker
345,715,292,2731, dodenakker
287,514,361,2282, dodenakker
224,677,265,2529, dodenakker
743,405,584,3104, dodenakker
441,524,626,2293, dodenakker
680,568,759,1808, dodenakker
335,698,236,3692, dodenakker
517,412,496,2410, dodenakker
252,730,265,2200, dodenakker
336,695,450,2313, dodenakker
260,437,626,2074, dodenakker
407,341,300,2316, dodenakker
213,656,341,2446, dodenakker
362,641,422,2856, dodenakker
181,371,326,2421, dodenakker
254,514,304,2460, dodenakker
196,593,283,2408, dodenakker
288,431,208,3117, dodenakker
348,585,712,2299, dodenakker
279,798,431,2269, dodenakker
396,467,221,1808, dodenakker
397,440,586,3670, dodenakker
287,745,750,2258, dodenakker
239,412,516,3044, dodenakker
454,424,418,2461, dodenakker
425,422,284,2523, dodenakker
366,492,454,2190, dodenakker
290,514,192,2511, dodenakker
320,525,720,2007, dodenakker
321,952,650,2624, dodenakker
318,285,368,2872, dodenakker
187,685,363,2652, dodenakker
304,428,496,2030, dodenakker
218,568,689,3374, dodenakker
183,434,269,3250, dodenakker
424,352,325,2498, dodenakker
287,552,279,2134, dodenakker
192,539,658,2056, dodenakker
249,646,680,2437, dodenakker
266,745,626,2063, dodenakker
720,406,626,2836, dodenakker
290,412,583,2967, dodenakker
214,623,355,2652, dodenakker
263,422,530,2499, dodenakker
188,363,355,2070, dodenakker
299,720,447,3028, dodenakker
540,319,339,2626, dodenakker
379,312,219,2023, dodenakker
379,516,160,2486, dodenakker
273,434,587,2106, dodenakker
248,451,300,3265, dodenakker
493,798,244,2134, dodenakker
257,551,192,2190, dodenakker
436,730,448,2512, dodenakker
597,696,681,2437, dodenakker
296,470,504,3366, dodenakker
314,425,292,3215, dodenakker
411,731,188,2626, dodenakker
314,572,390,1808, dodenakker
262,332,416,2512, dodenakker
517,484,420,2486, dodenakker
274,495,758,2499, dodenakker
255,642,574,2040, dodenakker
415,649,454,2417, dodenakker
249,341,372,2706, dodenakker
288,585,267,1953, dodenakker
390,642,626,2632, dodenakker
318,542,412,2208, dodenakker
306,777,429,2178, dodenakker
448,505,293,2752, dodenakker
336,623,279,2134, dodenakker
412,406,586,2437, dodenakker
222,701,225,2601, dodenakker
200,642,368,2190, dodenakker
415,431,267,2966, dodenakker
183,323,355,2112, dodenakker
407,430,223,2437, dodenakker
345,845,267,2200, dodenakker
267,715,586,3032, dodenakker
236,676,392,2967, dodenakker
288,628,341,3009, dodenakker
279,720,443,2479, dodenakker
335,333,584,3241, dodenakker
287,468,267,2486, dodenakker
441,952,614,3221, dodenakker
213,518,304,2070, dodenakker
190,376,269,2448, dodenakker
359,361,225,2097, dodenakker
239,514,310,2466, dodenakker
454,516,325,2723, dodenakker
355,583,444,2976, dodenakker
183,522,229,2702, dodenakker
247,356,412,2602, dodenakker
215,398,298,2202, dodenakker
331,524,658,2722, dodenakker
680,673,370,2337, dodenakker
478,708,411,2479, dodenakker
601,505,285,2654, dodenakker
454,430,265,2097, dodenakker
472,469,522,3661, dodenakker
376,317,295,2701, dodenakker
248,409,295,2200, dodenakker
214,677,689,2461, dodenakker
215,333,533,2821, dodenakker
360,438,249,2941, dodenakker
287,428,278,2800, dodenakker
250,519,642,2040, dodenakker
426,566,431,1897, dodenakker
183,550,659,2752, dodenakker
330,431,302,2652, dodenakker
666,528,838,2529, dodenakker
256,457,362,2626, dodenakker
180,754,848,2702, dodenakker
383,513,296,2178, dodenakker
233,439,296,2900, dodenakker
224,408,588,2912, dodenakker
599,457,254,1976, dodenakker
214,439,576,3153, dodenakker
549,484,848,3366, dodenakker
332,445,380,3646, dodenakker
257,753,611,3571, dodenakker
325,457,910,2486, dodenakker
282,666,588,2007, dodenakker
680,534,350,2661, dodenakker
619,706,341,2821, dodenakker
249,398,384,2529, dodenakker
266,672,256,2504, dodenakker
390,777,419,2511, dodenakker
248,626,571,2020, dodenakker
680,430,508,2177, dodenakker
415,492,565,1976, dodenakker
457,888,516,3262, dodenakker
335,652,759,3061, dodenakker
287,479,368,2075, dodenakker
260,519,279,2190, dodenakker
306,808,392,2576, dodenakker
360,682,448,3374, dodenakker
303,419,530,2590, dodenakker
469,386,301,2202, dodenakker
255,438,341,2499, dodenakker
336,527,775,3661, dodenakker
480,317,225,3051, dodenakker
321,514,741,2207, dodenakker
236,570,332,2691, dodenakker
255,714,305,3301, dodenakker
257,393,249,2448, dodenakker
213,715,523,3074, dodenakker
360,676,390,1797, dodenakker
440,715,443,2324, dodenakker
457,495,310,3027, dodenakker
368,724,296,3078, dodenakker
200,405,750,2071, dodenakker
252,638,281,3492, dodenakker
207,411,362,2225, dodenakker
599,778,612,2112, dodenakker
218,805,266,2654, dodenakker
284,467,448,2579, dodenakker
301,483,463,2410, dodenakker
256,457,654,2040, dodenakker
237,484,654,3168, dodenakker
366,453,838,3168, dodenakker
207,335,378,2221, dodenakker
256,484,300,2800, dodenakker
222,550,322,2624, dodenakker
248,518,276,3074, dodenakker
526,853,642,1960, dodenakker
282,685,304,3670, dodenakker
454,441,576,2063, dodenakker
549,344,244,2112, dodenakker
426,511,372,3153, dodenakker
386,592,543,2927, dodenakker
248,598,617,2554, dodenakker
245,360,681,2723, dodenakker
185,496,587,2486, dodenakker
426,385,360,1984, dodenakker
505,666,431,1960, dodenakker
568,386,296,2752, dodenakker
281,570,341,3061, dodenakker
540,615,355,2596, dodenakker
249,398,834,2282, dodenakker
343,568,292,3456, dodenakker
254,393,305,2040, dodenakker
213,700,333,3078, dodenakker
480,378,304,1976, dodenakker
297,518,422,2479, dodenakker
258,323,497,3301, dodenakker
233,445,910,2310, dodenakker
198,534,305,2074, dodenakker
249,496,269,2275, dodenakker
336,550,523,2112, dodenakker
498,593,244,2702, dodenakker
222,440,274,1670, dodenakker
362,365,315,2695, dodenakker
337,385,426,2486, dodenakker
442,778,753,2622, dodenakker
228,672,300,2427, dodenakker
336,524,576,2282, dodenakker
397,952,265,2350, dodenakker
1248,3344,412,2801, zand
554,2546,1128,2055, zand
2166,647,3006,3650, zand
1432,381,1017,4960, zand
345,2226,1500,3047, zand
2224,1586,2204,3457, zand
265,2250,3164,2542, zand
534,814,899,2310, zand
765,684,3520,3647, zand
235,801,572,2020, zand
2094,2350,2890,2953, zand
426,3142,3786,2296, zand
1860,1644,915,4065, zand
556,696,592,4070, zand
434,1048,3806,3898, zand
325,2310,554,4403, zand
1090,2762,3662,3300, zand
1150,2364,3696,4448, zand
951,685,1288,3992, zand
1274,2294,2092,4876, zand
703,2834,841,4841, zand
417,1582,2646,1903, zand
2110,2712,4136,4416, zand
723,520,3536,4683, zand
1916,3218,3020,2623, zand
2224,2204,2438,4428, zand
2146,512,753,4525, zand
466,1380,2720,3387, zand
800,390,3732,3829, zand
1480,1246,866,3735, zand
2276,480,857,3187, zand
1562,502,3552,2898, zand
2070,3016,3306,4762, zand
709,491,581,2584, zand
1476,1526,508,2218, zand
1092,3018,3448,4681, zand
435,3144,2394,4496, zand
624,535,531,1534, zand
891,2954,1486,2764, zand
481,2608,633,3088, zand
508,2854,877,2297, zand
2214,1334,1488,2009, zand
1294,1368,2990,3131, zand
396,2488,3176,4520, zand
786,1592,908,2254, zand
532,1820,3090,1964, zand
1976,2642,4028,4596, zand
620,1266,3748,2687, zand
1606,558,3166,4515, zand
1040,581,1636,3376, zand
1870,2966,3628,3222, zand
308,2260,3576,3174, zand
321,437,3278,2654, zand
1976,2884,3890,2690, zand
1438,3054,2696,2063, zand
1522,657,500,4493, zand
935,2900,2376,4706, zand
1744,872,2568,4515, zand
506,1538,592,2578, zand
2198,1692,1910,2521, zand
325,3008,2652,4128, zand
1036,2466,601,4545, zand
2248,829,3860,2113, zand
2092,1860,376,3940, zand
2018,2938,565,4682, zand
466,1788,3452,2731, zand
1456,3168,1668,2877, zand
402,1858,1610,3727, zand
1782,1230,3386,4572, zand
1986,2060,3130,1984, zand
2138,3018,1828,3000, zand
2088,2944,1023,3632, zand
2220,418,3696,4525, zand
1562,371,648,3222, zand
2002,2490,3028,2397, zand
404,1013,861,3143, zand
1368,2600,3696,2580, zand
1600,2016,579,2484, zand
263,1084,2446,2856, zand
1814,1042,1104,2889, zand
1866,494,816,2088, zand
370,1802,2026,4380, zand
2042,2466,3536,4808, zand
320,402,1702,4585, zand
1356,756,1346,1712, zand
2250,1254,973,3484, zand
974,327,1108,3773, zand
2078,506,613,2039, zand
1012,2958,3284,4532, zand
2280,2710,3670,3398, zand
591,2590,1500,2864, zand
1592,3084,688,3020, zand
2014,3044,1534,2945, zand
2222,1500,3176,1825, zand
1656,967,3278,3216, zand
704,804,1302,2740, zand
2116,2420,1996,2690, zand
2286,2380,920,4020, zand
1954,1692,805,2902, zand
2044,1774,1022,1914, zand
1622,1342,839,1797, zand
1732,3104,786,3982, zand
593,634,883,2180, zand
2316,2906,2942,4565, zand
528,1806,372,2476, zand
483,2054,725,4263, zand
2052,2090,2954,1864, zand
847,3042,3748,2169, zand
2232,2098,241,2364, zand
1572,1404,3840,3581, zand
1660,465,3746,4777, zand
957,606,1936,2031, zand
2128,543,999,3372, zand
1054,2824,2552,2767, zand
608,2756,3594,3584, zand
311,1570,906,1883, zand
2156,1250,4128,4464, zand
1606,1926,993,4693, zand
1636,538,3730,2369, zand
1610,2852,694,1775, zand
1444,3044,1560,3959, zand
2050,1278,3754,4703, zand
440,468,2788,4616, zand
767,1688,318,3129, zand
505,606,331,3319, zand
616,2864,1302,2441, zand
2270,2938,3594,2130, zand
1218,3186,3952,3374, zand
1982,3024,506,3947, zand
2046,2798,949,1866, zand
391,2784,3868,2700, zand
2116,2872,4276,4973, zand
291,653,1696,2292, zand
2228,2294,664,3874, zand
388,1001,3016,1548, zand
388,774,841,4635, zand
531,484,2156,3463, zand
2154,2940,3494,3272, zand
1890,1236,465,4383, zand
681,2990,1762,4730, zand
542,1624,3062,3504, zand
368,866,3780,4420, zand
626,935,664,2648, zand
523,470,3286,2163, zand
305,951,780,2020, zand
1660,685,3540,2663, zand
2302,2540,1178,2595, zand
321,951,981,4401, zand
1864,522,546,4668, zand
1248,3040,760,2724, zand
1928,2844,634,2767, zand
764,2740,3432,3460, zand
511,1616,656,2376, zand
761,2846,1412,3951, zand
1254,1444,1604,3494, zand
2208,2876,2712,2850, zand
1214,1702,3692,4720, zand
342,2668,3282,1772, zand
2158,690,1924,1949, zand
2070,3278,3062,3871, zand
752,2598,3840,2868, zand
305,3104,3974,3829, zand
2310,794,2282,4212, zand
288,3122,677,3169, zand
375,423,898,3837, zand
2142,3294,1016,4104, zand
1810,1216,1464,4811, zand
1023,2670,1856,1754, zand
1152,1852,3394,3074, zand
246,2250,944,4656, zand
948,756,1800,1984, zand
780,1054,1512,4631, zand
493,2286,767,1711, zand
2048,2398,694,2622, zand
900,502,2452,2050, zand
485,2874,2230,4508, zand
2226,1624,930,1834, zand
514,2752,694,5261, zand
1472,2884,508,1985, zand
2078,491,3802,2139, zand
1166,2388,737,3077, zand
2160,2786,3882,3757, zand
665,446,2724,4524, zand
626,1644,1466,2437, zand
631,791,3552,1939, zand
364,1836,2328,2985, zand
2012,450,1400,4303, zand
573,2920,1094,1951, zand
559,714,1946,4416, zand
1860,513,835,3704, zand
2092,2062,3084,3898, zand
544,518,498,4576, zand
269,1788,1296,2623, zand
2190,2536,650,4836, zand
1662,2824,1606,3047, zand
2302,3056,3218,3749, zand
2708,1754,441,2630, zand
2016,3012,2878,4299, zand
1032,596,3350,2178, zand
1762,1130,1582,2745, zand
474,373,1320,3829, zand
1992,760,2396,1830, zand
836,2412,952,1828, zand
1054,2470,1108,3355, zand
2064,3256,3520,2733, zand
475,2822,785,3161, zand
1714,408,3636,2600, zand
959,598,2868,2045, zand
620,860,889,4727, zand
300,509,3740,1560, zand
2178,2590,2956,2037, zand
247,462,374,2786, zand
982,3162,578,4645, zand
2060,524,3576,2832, zand
314,660,3836,2087, zand
2144,3218,443,1993, zand
2084,680,2690,4019, zand
376,455,3492,2319, zand
2230,3044,3802,4004, zand
2088,2032,1794,2202, zand
2284,1024,679,1775, zand
2032,3064,387,4685, zand
1698,1580,3870,2271, zand
1790,1768,681,2536, zand
2262,2962,411,3817, zand
1892,2666,652,2615, zand
280,1244,619,3299, zand
478,2880,3646,1797, zand
888,1396,3422,3514, zand
1896,2676,1474,2310, zand
2180,1560,3816,4036, zand
485,1716,1284,4429, zand
453,3032,1858,3110, zand
852,2456,3532,3435, zand
1516,1496,2654,2256, zand
952,616,531,3632, zand
254,2518,711,2357, zand
1968,3010,1196,4013, zand
2176,2670,850,4483, zand
718,1290,3564,3912, zand
2094,423,4100,3173, zand
2256,465,1064,2643, zand
591,3090,822,3686, zand
1024,2406,612,3808, zand
549,828,3716,4712, zand
2070,2852,3790,3065, zand
442,1760,1730,2265, zand
1150,802,838,1720, zand
526,2452,1742,2132, zand
2136,1142,2758,4420, zand
590,514,704,3921, spoorbaanlichaam
399,1254,1474,4672, spoorbaanlichaam
498,1246,1138,1849, spoorbaanlichaam
836,993,583,2353, spoorbaanlichaam
1068,689,781,2399, spoorbaanlichaam
360,1242,590,2968, spoorbaanlichaam
899,979,667,4571, spoorbaanlichaam
839,1548,734,4461, spoorbaanlichaam
256,1104,725,2413, spoorbaanlichaam
420,1508,1848,2665, spoorbaanlichaam
1028,982,408,3170, spoorbaanlichaam
767,996,1620,3208, spoorbaanlichaam
439,942,977,3594, spoorbaanlichaam
464,1172,815,2603, spoorbaanlichaam
567,514,1338,4798, spoorbaanlichaam
620,588,712,2009, spoorbaanlichaam
651,779,688,3792, spoorbaanlichaam
456,603,1250,3320, spoorbaanlichaam
485,874,583,5092, spoorbaanlichaam
1096,1222,2532,2705, spoorbaanlichaam
449,985,906,2584, spoorbaanlichaam
1714,345,615,4355, spoorbaanlichaam
359,665,1009,2518, spoorbaanlichaam
593,1312,736,3404, spoorbaanlichaam
523,903,922,2610, spoorbaanlichaam
1458,1176,802,3312, spoorbaanlichaam
659,403,180,2501, spoorbaanlichaam
753,944,1298,4250, spoorbaanlichaam
791,999,775,3499, spoorbaanlichaam
421,922,596,1324, spoorbaanlichaam
1234,1108,622,2737, spoorbaanlichaam
1080,1396,1086,5051, spoorbaanlichaam
475,1019,1254,3087, spoorbaanlichaam
783,918,825,4997, spoorbaanlichaam
426,586,886,3166, spoorbaanlichaam
464,743,778,4190, spoorbaanlichaam
474,1372,836,2470, spoorbaanlichaam
1212,628,967,1707, spoorbaanlichaam
571,1286,468,4764, spoorbaanlichaam
506,886,603,2822, spoorbaanlichaam
596,860,697,2707, spoorbaanlichaam
477,672,1658,1550, spoorbaanlichaam
813,1610,1346,3536, spoorbaanlichaam
491,1076,1070,4420, spoorbaanlichaam
911,1060,853,2402, spoorbaanlichaam
803,619,768,2655, spoorbaanlichaam
754,652,1272,2928, spoorbaanlichaam
796,718,322,3249, spoorbaanlichaam
994,1064,657,3801, spoorbaanlichaam
554,2144,825,3342, spoorbaanlichaam
618,746,572,3050, spoorbaanlichaam
1090,1120,932,2656, spoorbaanlichaam
482,964,651,4239, spoorbaanlichaam
742,740,639,1787, spoorbaanlichaam
462,803,630,3078, spoorbaanlichaam
543,909,949,1814, spoorbaanlichaam
590,1138,1080,4796, spoorbaanlichaam
521,952,1568,3898, spoorbaanlichaam
374,688,802,1126, spoorbaanlichaam
664,919,1504,2511, spoorbaanlichaam
710,512,1154,3007, spoorbaanlichaam
725,1208,1364,3608, spoorbaanlichaam
1340,503,460,3012, spoorbaanlichaam
720,964,780,1875, spoorbaanlichaam
318,1460,704,4908, spoorbaanlichaam
700,1470,572,2867, spoorbaanlichaam
568,1132,1496,2712, spoorbaanlichaam
627,1460,1058,2713, spoorbaanlichaam
404,1001,758,1628, spoorbaanlichaam
653,1108,872,4616, spoorbaanlichaam
415,585,410,2065, spoorbaanlichaam
839,1094,902,4211, spoorbaanlichaam
398,698,502,3549, spoorbaanlichaam
1236,1376,412,4188, spoorbaanlichaam
998,907,1458,2598, spoorbaanlichaam
797,934,2222,3331, spoorbaanlichaam
922,1072,1516,2805, spoorbaanlichaam
462,611,279,4596, spoorbaanlichaam
554,1232,1376,4232, spoorbaanlichaam
1364,1296,1478,2987, spoorbaanlichaam
1434,1498,1002,4596, spoorbaanlichaam
569,893,804,4848, spoorbaanlichaam
742,1226,1034,4312, spoorbaanlichaam
455,604,1562,3245, spoorbaanlichaam
317,449,967,4011, spoorbaanlichaam
949,1026,409,3839, spoorbaanlichaam
321,1194,1032,3939, spoorbaanlichaam
447,660,1686,2966, spoorbaanlichaam
459,1104,973,2655, spoorbaanlichaam
896,967,946,3509, spoorbaanlichaam
723,2234,738,2329, spoorbaanlichaam
461,733,2254,2617, spoorbaanlichaam
927,1842,649,4674, spoorbaanlichaam
521,936,1488,2049, spoorbaanlichaam
537,1604,1274,3606, spoorbaanlichaam
488,926,1202,1628, spoorbaanlichaam
1342,1124,863,3942, spoorbaanlichaam
1074,992,683,2909, spoorbaanlichaam
435,1104,2296,2677, spoorbaanlichaam
598,1007,1274,3115, spoorbaanlichaam
626,600,1748,3400, spoorbaanlichaam
938,955,495,3735, spoorbaanlichaam
651,1138,937,2666, spoorbaanlichaam
422,1170,1748,3030, spoorbaanlichaam
657,656,707,2515, spoorbaanlichaam
453,2042,1102,3518, spoorbaanlichaam
505,936,742,4388, spoorbaanlichaam
537,912,640,4357, spoorbaanlichaam
767,1110,1110,2814, spoorbaanlichaam
413,1296,587,3347, spoorbaanlichaam
461,1498,1030,3407, spoorbaanlichaam
630,979,884,4460, spoorbaanlichaam
1036,781,854,3759, spoorbaanlichaam
881,1306,561,2464, spoorbaanlichaam
480,915,486,2082, spoorbaanlichaam
515,904,1001,2474, spoorbaanlichaam
510,733,1428,2588, spoorbaanlichaam
850,766,1340,4384, spoorbaanlichaam
301,720,1380,2736, spoorbaanlichaam
580,910,1096,2798, spoorbaanlichaam
1060,924,874,2309, spoorbaanlichaam
603,609,686,3350, spoorbaanlichaam
488,1056,1358,2365, spoorbaanlichaam
590,935,957,2809, spoorbaanlichaam
1650,896,544,2922, spoorbaanlichaam
349,904,1194,3044, spoorbaanlichaam
450,1054,1416,2339, spoorbaanlichaam
941,966,792,3852, spoorbaanlichaam
558,719,582,2025, spoorbaanlichaam
1336,743,756,3909, spoorbaanlichaam
508,918,1490,3007, spoorbaanlichaam
839,1104,625,2722, spoorbaanlichaam
572,537,703,4311, spoorbaanlichaam
1288,1298,366,2534, spoorbaanlichaam
401,1004,1284,2498, spoorbaanlichaam
397,1232,630,2375, spoorbaanlichaam
822,1808,1170,3838, spoorbaanlichaam
763,1096,1410,4551, spoorbaanlichaam
464,1376,381,3344, spoorbaanlichaam
1550,1350,1422,3076, spoorbaanlichaam
1520,1396,474,4853, spoorbaanlichaam
483,1018,722,2693, spoorbaanlichaam
377,1028,2164,4355, spoorbaanlichaam
774,1188,469,3000, spoorbaanlichaam
960,1056,1284,2806, spoorbaanlichaam
463,1262,707,2822, spoorbaanlichaam
488,825,586,4331, spoorbaanlichaam
566,1360,723,2376, spoorbaanlichaam
561,1198,865,4752, spoorbaanlichaam
746,901,815,4800, spoorbaanlichaam
827,807,1038,3225, spoorbaanlichaam
423,634,1194,5088, spoorbaanlichaam
258,1516,754,3315, spoorbaanlichaam
689,1005,732,2503, spoorbaanlichaam
911,1138,359,2504, spoorbaanlichaam
867,1322,1648,1838, spoorbaanlichaam
256,975,470,2705, spoorbaanlichaam
471,1718,383,3397, spoorbaanlichaam
525,309,374,2684, spoorbaanlichaam
475,1172,577,4396, spoorbaanlichaam
729,1900,525,4885, spoorbaanlichaam
411,495,551,5172, spoorbaanlichaam
359,948,357,2758, spoorbaanlichaam
499,514,325,2053, spoorbaanlichaam
861,1042,934,2405, spoorbaanlichaam
500,1440,537,4427, spoorbaanlichaam
658,421,669,2953, spoorbaanlichaam
271,906,1350,2863, spoorbaanlichaam
966,487,1098,2485, spoorbaanlichaam
466,1136,1298,2758, spoorbaanlichaam
822,1992,1740,3815, spoorbaanlichaam
306,994,1636,2265, spoorbaanlichaam
486,1214,1268,2631, spoorbaanlichaam
797,1090,973,2720, spoorbaanlichaam
1336,1286,686,5059, spoorbaanlichaam
677,644,531,3087, spoorbaanlichaam
428,652,813,2629, spoorbaanlichaam
761,1750,767,4696, spoorbaanlichaam
337,1104,935,3647, spoorbaanlichaam
1724,913,1260,2612, spoorbaanlichaam
368,1018,446,4376, spoorbaanlichaam
391,1052,849,2626, spoorbaanlichaam
879,1346,494,3165, spoorbaanlichaam
583,1022,592,4992, spoorbaanlichaam
420,1210,319,2732, spoorbaanlichaam
481,971,374,2482, spoorbaanlichaam
988,963,576,2475, spoorbaanlichaam
568,1106,655,2956, spoorbaanlichaam
474,674,590,4756, spoorbaanlichaam
669,917,371,3064, spoorbaanlichaam
709,1150,854,2570, spoorbaanlichaam
425,1112,771,4002, spoorbaanlichaam
589,893,990,3605, spoorbaanlichaam
767,774,348,3627, spoorbaanlichaam
675,1048,1386,5113, spoorbaanlichaam
653,1596,1160,3650, spoorbaanlichaam
507,880,607,2762, spoorbaanlichaam
1162,408,1320,4652, spoorbaanlichaam
712,1582,2092,5148, spoorbaanlichaam
568,1023,955,4688, spoorbaanlichaam
921,916,1168,3286, spoorbaanlichaam
476,1013,192,1961, spoorbaanlichaam
477,1094,1666,2947, spoorbaanlichaam
860,536,738,4396, spoorbaanlichaam
364,1708,1064,2438, spoorbaanlichaam
574,664,652,5090, spoorbaanlichaam
512,1062,516,4396, spoorbaanlichaam
976,1268,325,3754, spoorbaanlichaam
476,608,1246,2510, spoorbaanlichaam
566,1046,1028,2712, spoorbaanlichaam
418,973,2130,1848, spoorbaanlichaam
745,1114,1136,3626, spoorbaanlichaam
617,1274,1292,1405, spoorbaanlichaam
524,902,1058,3111, spoorbaanlichaam
575,1148,1440,3872, spoorbaanlichaam
827,1268,818,2935, spoorbaanlichaam
648,1104,1298,4860, spoorbaanlichaam
307,1100,815,3018, spoorbaanlichaam
336,1090,561,2646, spoorbaanlichaam
1528,741,333,5128, spoorbaanlichaam
357,651,991,3802, spoorbaanlichaam
741,1402,650,3096, spoorbaanlichaam
395,1066,325,2727, spoorbaanlichaam
898,820,389,2699, spoorbaanlichaam
1300,745,1112,2821, spoorbaanlichaam
1082,1148,843,2882, spoorbaanlichaam
462,1272,498,3683, spoorbaanlichaam
231,902,704,3405, spoorbaanlichaam
510,918,1334,4936, spoorbaanlichaam
390,992,833,4192, spoorbaanlichaam
1368,894,307,3260, spoorbaanlichaam
190,452,1318,2158, spoorbaanlichaam
422,594,1418,2930, spoorbaanlichaam
858,1222,795,4396, spoorbaanlichaam
764,584,1122,2403, spoorbaanlichaam
488,1218,1468,2802, spoorbaanlichaam
723,1108,426,2617, spoorbaanlichaam
821,993,585,2735, spoorbaanlichaam
230,588,1050,4616, spoorbaanlichaam
591,1436,2204,3088, spoorbaanlichaam
648,877,989,2404, spoorbaanlichaam
700,920,617,2950, spoorbaanlichaam
351,1104,1320,4901, spoorbaanlichaam
493,835,940,4988, spoorbaanlichaam
921,1080,661,4920, spoorbaanlichaam
344,1290,1102,4705, spoorbaanlichaam
1250,1050,1076,4145, spoorbaanlichaam
591,714,1106,3352, spoorbaanlichaam
623,935,426,3593, spoorbaanlichaam
518,1454,1134,3957, spoorbaanlichaam
529,1124,936,3328, Kassengebied
1100,1974,1332,3522, Kassengebied
991,908,1252,4464, Kassengebied
1030,1023,578,3093, Kassengebied
572,661,857,1585, Kassengebied
1040,1084,840,3682, Kassengebied
944,1042,781,2885, Kassengebied
363,754,384,1446, Kassengebied
1092,932,1020,1948, Kassengebied
442,682,858,2706, Kassengebied
524,622,1100,2914, Kassengebied
941,844,624,3135, Kassengebied
375,1064,621,2950, Kassengebied
386,1708,877,3012, Kassengebied
984,1030,984,1886, Kassengebied
495,1112,819,3041, Kassengebied
506,682,282,4385, Kassengebied
933,736,902,3781, Kassengebied
860,731,1222,3041, Kassengebied
1060,336,897,3524, Kassengebied
350,1080,390,3006, Kassengebied
1030,1226,760,3567, Kassengebied
1272,1064,1490,3374, Kassengebied
1054,963,878,3292, Kassengebied
485,1418,1162,1354, Kassengebied
770,1426,1188,1424, Kassengebied
872,1128,525,2604, Kassengebied
962,693,755,2066, Kassengebied
1124,387,1346,4508, Kassengebied
988,1490,865,3411, Kassengebied
977,734,1350,2122, Kassengebied
947,1136,384,3200, Kassengebied
797,868,747,4276, Kassengebied
1322,1124,1042,2565, Kassengebied
1198,1112,631,3473, Kassengebied
363,616,1238,2096, Kassengebied
686,1118,914,3181, Kassengebied
1278,1040,356,3334, Kassengebied
1001,731,821,3000, Kassengebied
922,1322,321,2498, Kassengebied
332,1394,1252,2945, Kassengebied
336,1490,671,3485, Kassengebied
1422,810,891,3422, Kassengebied
441,526,321,2956, Kassengebied
1070,1418,850,3002, Kassengebied
941,1976,457,3163, Kassengebied
946,709,440,3256, Kassengebied
969,619,1250,2091, Kassengebied
426,1021,1340,2719, Kassengebied
367,1030,2416,2833, Kassengebied
800,1062,875,2943, Kassengebied
908,1490,559,3276, Kassengebied
980,504,870,3093, Kassengebied
991,824,384,2758, Kassengebied
1388,504,1324,3428, Kassengebied
2896,556,762,3291, Kassengebied
1004,589,946,2093, Kassengebied
1220,1122,836,3084, Kassengebied
475,899,839,3260, Kassengebied
358,1488,500,2975, Kassengebied
1286,1478,964,3041, Kassengebied
980,667,1318,2690, Kassengebied
1024,988,931,2669, Kassengebied
486,670,680,3024, Kassengebied
1332,1318,1288,3128, Kassengebied
1001,1094,867,2947, Kassengebied
951,681,647,3108, Kassengebied
963,1444,1252,3038, Kassengebied
410,1110,1034,3087, Kassengebied
768,670,1458,3233, Kassengebied
916,1220,984,2999, Kassengebied
1000,735,532,4484, Kassengebied
621,558,2850,3167, Kassengebied
832,830,755,4179, Kassengebied
348,1108,639,2784, Kassengebied
658,750,302,3362, Kassengebied
508,495,3396,3199, Kassengebied
1292,1324,871,2283, Kassengebied
972,653,994,3404, Kassengebied
374,1456,859,2846, Kassengebied
749,1078,590,2544, Kassengebied
1294,803,910,4515, Kassengebied
680,1190,1396,3117, Kassengebied
3154,943,1284,3374, Kassengebied
1292,1460,1180,2901, Kassengebied
563,1098,612,2932, Kassengebied
224,1098,282,3249, Kassengebied
348,1402,1144,3304, Kassengebied
973,716,1426,2906, Kassengebied
938,325,385,2940, Kassengebied
984,1144,1266,2950, Kassengebied
435,980,852,3817, Kassengebied
346,1464,696,3015, Kassengebied
1004,1102,838,3273, Kassengebied
979,959,1182,3357, Kassengebied
1392,984,424,3078, Kassengebied
395,1122,910,1135, Kassengebied
416,564,388,2964, Kassengebied
1288,554,550,3405, Kassengebied
1198,816,1534,3409, Kassengebied
339,1064,313,3400, Kassengebied
1416,1144,448,3572, Kassengebied
694,657,1350,3221, Kassengebied
673,1426,270,2276, Kassengebied
367,1302,1394,3428, Kassengebied
1394,591,1422,3265, Kassengebied
1302,832,775,3351, Kassengebied
1046,1004,842,2886, Kassengebied
1118,777,839,3600, Kassengebied
999,1534,833,3000, Kassengebied
984,1122,907,2794, Kassengebied
1050,1166,991,3066, Kassengebied
832,462,1316,3181, Kassengebied
338,1714,827,1319, Kassengebied
1316,1050,1144,592, Kassengebied
923,843,723,2370, Kassengebied
525,696,625,2250, Kassengebied
727,1258,500,2905, Kassengebied
294,920,1040,3012, Kassengebied
731,1090,388,3326, Kassengebied
990,1532,625,3047, Kassengebied
943,563,1162,1787, Kassengebied
297,1098,860,2702, Kassengebied
1392,1428,1220,2129, Kassengebied
772,1066,378,3194, Kassengebied
281,1046,701,3001, Kassengebied
1334,1010,575,3270, Kassengebied
477,719,899,3195, Kassengebied
253,1150,858,3281, Kassengebied
475,830,3584,1543, Kassengebied
363,1126,836,3204, Kassengebied
945,750,2766,3323, Kassengebied
850,1252,372,3357, Kassengebied
1238,1200,839,3244, Kassengebied
1366,824,2074,377, Kassengebied
367,1116,646,3174, Kassengebied
1324,1444,1090,3286, Kassengebied
545,924,458,2915, Kassengebied
2978,1172,786,2125, Kassengebied
1254,705,1050,3150, Kassengebied
1354,744,822,2817, Kassengebied
603,750,797,2802, Kassengebied
636,595,814,4054, Kassengebied
316,1114,595,3510, Kassengebied
694,1448,886,3306, Kassengebied
995,706,2958,3234, Kassengebied
344,1128,703,4385, Kassengebied
407,1400,1204,3928, Kassengebied
587,609,616,3378, Kassengebied
1386,1038,906,2663, Kassengebied
997,1144,979,3315, Kassengebied
1296,849,744,2626, Kassengebied
968,830,937,3236, Kassengebied
1230,525,381,3697, Kassengebied
305,1096,383,3256, Kassengebied
1054,691,382,2570, Kassengebied
2012,1090,198,3124, Kassengebied
988,642,884,1346, Kassengebied
949,1472,489,2846, Kassengebied
1092,951,2670,3420, Kassengebied
1316,1074,1142,3017, Kassengebied
473,864,882,3012, Kassengebied
538,1010,948,3118, Kassengebied
1028,1098,3038,3032, Kassengebied
974,302,788,1668, Kassengebied
936,1058,302,3647, Kassengebied
1272,588,913,2575, Kassengebied
330,1102,353,3240, Kassengebied
761,2160,1670,3321, Kassengebied
954,1015,975,2975, Kassengebied
984,1072,900,3066, Kassengebied
344,1090,744,3451, Kassengebied
1202,654,854,3416, Kassengebied
1010,1050,726,894, Kassengebied
902,1444,1230,2956, Kassengebied
978,1420,705,3260, Kassengebied
496,939,877,2050, Kassengebied
987,1060,1072,3242, Kassengebied
1350,305,997,3471, Kassengebied
1196,1060,1292,2258, Kassengebied
1332,734,841,4408, Kassengebied
710,1064,489,2989, Kassengebied
963,1126,1004,2543, Kassengebied
1086,4094,1662,1396, Kassengebied
444,692,1262,2222, Kassengebied
967,1098,1306,2025, Kassengebied
1040,1060,1236,3291, Kassengebied
1340,811,863,3288, Kassengebied
1082,477,1392,2360, Kassengebied
1338,1440,1232,2485, Kassengebied
1184,1678,2476,3043, Kassengebied
1004,3042,697,1491, Kassengebied
964,968,846,2054, Kassengebied
1324,1454,1030,3071, Kassengebied
678,1134,890,2248, Kassengebied
1288,665,1802,3462, Kassengebied
986,1082,943,4159, Kassengebied
1300,778,880,3218, Kassengebied
891,1376,877,3218, Kassengebied
973,1420,1024,4604, Kassengebied
442,1394,331,2686, Kassengebied
1332,832,921,3312, Kassengebied
951,1678,668,3169, Kassengebied
1030,831,860,3458, Kassengebied
1007,946,964,2182, Kassengebied
960,736,732,1242, Kassengebied
426,695,571,2878, Kassengebied
363,750,1282,1557, Kassengebied
755,988,1680,2733, Kassengebied
946,601,846,3551, Kassengebied
409,666,1138,3298, Kassengebied
239,1266,939,2834, Kassengebied
1316,752,576,3052, Kassengebied
1260,1144,289,4440, Kassengebied
946,1104,843,3344, Kassengebied
432,1460,869,1522, Kassengebied
582,1136,1250,3431, Kassengebied
925,1488,1378,2522, Kassengebied
957,598,600,2945, Kassengebied
467,525,401,3175, Kassengebied
1312,810,1290,3332, Kassengebied
1028,810,980,2950, Kassengebied
347,526,1512,3337, Kassengebied
972,751,825,1886, Kassengebied
1013,1438,615,2962, Kassengebied
393,1158,800,3226, Kassengebied
968,612,1028,2592, Kassengebied
3982,811,922,3181, Kassengebied
584,642,766,2360, Kassengebied
737,1456,755,2619, Kassengebied
1180,1100,1360,2999, Kassengebied
1054,874,1318,3983, Kassengebied
966,1100,2866,2351, Kassengebied
993,1442,945,3354, Kassengebied
924,1090,318,3662, Kassengebied
942,1478,860,3224, Kassengebied
924,675,336,2263, Kassengebied
499,1174,1238,1522, Kassengebied
1446,647,855,2736, Kassengebied
392,1004,1642,2846, Kassengebied
1424,1062,814,1665, Kassengebied
809,1528,1248,3107, Kassengebied
1574,1098,1332,2543, Kassengebied
655,2052,598,3292, Kassengebied
1384,1090,1302,2181, Kassengebied
525,735,521,4484, Kassengebied
1294,1176,745,3409, Kassengebied
339,1404,882,3322, Kassengebied
346,1152,1238,2644, Kassengebied
450,1118,882,3428, Kassengebied
357,2226,2282,2101, heide
241,600,820,2912, heide
358,775,295,2096, heide
474,436,1076,2653, heide
561,615,669,1946, heide
528,918,1124,1979, heide
348,478,639,2022, heide
857,1462,1172,3883, heide
454,491,408,1800, heide
815,915,1588,1660, heide
1042,649,632,3178, heide
383,570,1080,1719, heide
320,830,490,2883, heide
366,1924,469,1908, heide
651,1042,1566,1791, heide
479,460,714,2077, heide
271,665,619,2686, heide
852,653,1488,1710, heide
582,474,575,1925, heide
335,609,1023,2778, heide
583,365,2264,2969, heide
261,642,785,1814, heide
393,431,2820,1688, heide
1048,448,1148,3219, heide
266,899,683,2167, heide
272,539,655,1629, heide
337,932,666,1866, heide
755,1314,930,1953, heide
397,649,623,3365, heide
259,450,971,1830, heide
800,562,683,1864, heide
465,1742,1512,1864, heide
444,650,515,1810, heide
1844,1032,2910,1694, heide
308,489,538,2458, heide
1252,424,598,1990, heide
1020,655,1042,1656, heide
1572,747,816,2080, heide
502,407,497,2276, heide
1710,464,1614,1427, heide
489,463,1310,2417, heide
301,564,570,1606, heide
1282,372,1116,1478, heide
741,492,554,2143, heide
759,604,770,1656, heide
430,444,908,1883, heide
388,1004,2676,2250, heide
519,487,756,1875, heide
368,1238,639,1668, heide
382,407,2708,1930, heide
337,371,631,1826, heide
460,433,1700,1546, heide
484,613,618,2396, heide
571,453,1946,3096, heide
243,1856,594,2076, heide
1108,797,605,1935, heide
357,1310,828,1953, heide
517,1734,2122,1581, heide
1032,492,1212,1701, heide
296,589,1138,1866, heide
802,1550,507,2394, heide
880,484,716,1871, heide
370,935,556,2393, heide
339,407,651,1628, heide
678,714,567,1622, heide
1366,2136,1904,2366, heide
276,613,2386,2054, heide
418,753,992,2258, heide
713,378,575,2733, heide
837,873,578,2113, heide
483,580,418,2343, heide
439,518,658,2244, heide
733,422,974,2041, heide
280,1996,797,2132, heide
393,619,578,2062, heide
400,533,1064,2720, heide
1124,363,926,2335, heide
325,1068,666,3165, heide
435,2204,542,2403, heide
706,730,906,1817, heide
330,441,1294,2316, heide
986,693,978,1805, heide
372,515,1116,1765, heide
311,478,549,1919, heide
1020,493,673,3392, heide
477,422,541,2414, heide
1340,1708,858,2244, heide
972,876,1642,1415, heide
320,1116,1970,2289, heide
1426,658,673,2086, heide
1250,895,680,1857, heide
402,499,560,2096, heide
450,660,755,1835, heide
1890,469,573,1928, heide
298,525,508,1897, heide
340,727,1007,1744, heide
262,520,539,1446, heide
481,402,544,2110, heide
241,1848,1376,1553, heide
351,576,1318,2780, heide
590,896,1820,2532, heide
952,738,560,1980, heide
404,426,899,1781, heide
810,1206,3262,2431, heide
383,789,741,2879, heide
486,1572,460,1764, heide
383,2240,506,2302, heide
315,500,1488,1677, heide
386,379,515,1985, heide
379,451,323,2118, heide
317,742,514,1573, heide
429,1310,1598,1564, heide
480,907,885,2226, heide
339,2092,1228,2077, heide
247,812,502,1752, heide
340,624,480,2437, heide
1410,676,1538,2646, heide
226,738,501,2318, heide
285,2388,1206,3242, heide
374,425,623,1946, heide
534,765,3076,2320, heide
544,444,497,2584, heide
304,740,525,1806, heide
292,652,1476,3829, heide
241,677,382,1529, heide
522,597,1224,2391, heide
347,906,650,3699, heide
721,2010,1142,1733, heide
209,1304,854,2374, heide
352,1450,562,1493, heide
1436,2092,981,1814, heide
311,357,1232,1664, heide
373,739,562,1972, heide
426,562,720,1769, heide
312,850,503,1950, heide
408,916,582,1706, heide
984,513,599,2423, heide
390,837,1044,1787, heide
369,1272,1015,1584, heide
595,462,828,1954, heide
283,617,3260,2204, heide
494,424,648,1549, heide
479,394,1026,1986, heide
312,585,2176,1841, heide
455,1262,1010,3097, heide
451,713,748,1469, heide
1080,436,561,1982, heide
322,1322,2626,2099, heide
707,914,1130,3448, heide
425,455,974,2003, heide
555,875,453,1669, heide
476,874,732,2712, heide
929,479,1692,1992, heide
877,607,685,1682, heide
719,2424,631,2256, heide
628,897,568,2071, heide
442,2182,662,2055, heide
308,381,1196,2728, heide
1698,373,716,1706, heide
321,791,512,1578, heide
1170,1222,554,1892, heide
681,876,3484,2047, heide
360,784,1830,1958, heide
363,608,413,1794, heide
1698,537,590,2009, heide
322,661,1001,1935, heide
790,547,510,1509, heide
462,565,438,2105, heide
505,476,733,1423, heide
451,759,1158,1921, heide
353,2388,553,2359, heide
369,796,540,1894, heide
405,399,729,1609, heide
470,1152,641,1636, heide
1632,778,501,2263, heide
284,1560,1188,1797, heide
331,409,1126,1634, heide
375,2388,917,1835, heide
461,442,686,2227, heide
1038,1930,2888,2076, heide
361,400,1752,2080, heide
298,532,727,2670, heide
1322,466,777,2145, heide
346,591,644,1671, heide
352,2236,570,1878, heide
365,492,525,2172, heide
372,436,1706,1580, heide
398,568,3100,1760, heide
407,1088,1814,3868, heide
383,573,511,1879, heide
1652,429,924,2035, heide
549,366,556,1598, heide
550,522,575,2001, heide
2070,618,976,2754, heide
430,681,500,2208, heide
332,451,1526,2493, heide
969,508,553,1790, heide
373,506,855,2588, heide
863,735,488,1832, heide
393,568,449,3775, heide
394,336,1160,1878, heide
310,543,773,1981, heide
319,556,922,3559, heide
449,1194,1554,2575, heide
375,1170,718,3365, heide
397,476,994,3253, heide
1576,514,554,1798, heide
676,904,1394,2183, heide
1050,994,1958,1488, heide
469,535,619,2166, heide
273,849,550,2049, heide
483,858,692,1956, heide
379,1001,879,2737, heide
460,415,702,1886, heide
380,794,1720,1901, heide
602,433,692,2373, heide
326,2230,592,3099, heide
1750,583,1050,1643, heide
489,877,527,2854, heide
501,480,332,2454, heide
1142,649,328,1740, heide
406,792,503,1736, heide
480,393,616,2186, heide
381,960,232,2006, heide
1124,504,835,4015, heide
1408,487,497,1950, heide
333,666,1428,1464, heide
306,1322,569,2134, heide
284,666,692,2119, heide
678,664,1572,3482, heide
1260,403,1780,1552, heide
480,1002,495,3671, heide
332,741,1486,2854, heide
1492,466,2630,2220, heide
366,1206,512,1992, heide
618,396,1007,2156, heide
433,888,482,3962, heide
300,2796,737,1908, heide
1724,2172,1554,3365, heide
1048,577,569,1769, heide
409,713,562,1947, heide
257,411,503,2300, heide
380,567,2484,2066, heide
340,765,494,3087, heide
475,496,893,2680, heide
543,1466,420,1416, heide
791,588,644,2238, heide
551,423,624,2481, heide
722,1640,355,1957, heide
719,624,471,1830, heide
248,429,564,2265, overig
964,797,653,2243, overig
953,431,1206,3078, overig
1522,1744,1494,5129, overig
565,1462,875,2478, overig
561,1007,1374,4151, overig
363,1042,1518,4805, overig
439,1226,1878,2996, overig
484,807,597,4920, overig
800,1060,1158,2395, overig
558,1256,294,2952, overig
558,953,1522,2833, overig
510,1632,1756,3649, overig
512,814,1214,2939, overig
291,429,2204,4312, overig
252,1018,1504,1844, overig
639,945,1218,4935, overig
273,966,814,2980, overig
433,574,1230,2832, overig
441,955,769,1464, overig
436,1052,654,2584, overig
551,912,1204,2956, overig
767,1042,625,3032, overig
913,890,601,2835, overig
488,959,1334,2104, overig
911,1001,506,2761, overig
1560,820,948,5133, overig
481,570,1112,3095, overig
998,1098,1224,3266, overig
395,1086,1009,3342, overig
509,702,558,4581, overig
1256,1524,1648,2975, overig
680,629,450,4396, overig
529,550,626,2259, overig
583,884,1308,4732, overig
464,1104,591,2474, overig
521,1098,721,4535, overig
389,564,1096,1773, overig
384,956,479,2831, overig
745,1054,618,3566, overig
524,822,636,3350, overig
779,1013,1102,3469, overig
761,1632,817,984, overig
731,292,583,3487, overig
933,1248,460,3784, overig
1284,1148,326,3003, overig
206,1086,1324,4373, overig
386,1162,1988,3029, overig
1168,1132,969,4404, overig
583,1234,1230,3320, overig
899,982,542,4348, overig
768,1186,849,2669, overig
1238,1148,995,5252, overig
596,683,1820,2580, overig
724,977,901,2774, overig
705,2006,496,2340, overig
1320,1746,1406,2242, overig
1000,1036,1562,4664, overig
439,1054,580,3406, overig
886,1064,789,5220, overig
1074,1018,1328,2790, overig
521,952,1078,3312, overig
667,1238,949,3588, overig
555,1100,672,3752, overig
800,1100,1388,4140, overig
1080,425,630,3252, overig
459,857,1308,2324, overig
566,1214,882,3801, overig
1021,825,619,5004, overig
746,956,1790,4532, overig
377,1013,742,2743, overig
660,1001,468,4754, overig
857,630,1948,2353, overig
943,1414,1240,5021, overig
594,852,866,3741, overig
904,1364,1064,3741, overig
1132,1144,1440,2942, overig
469,937,349,2315, overig
521,996,1410,3208, overig
586,994,630,2807, overig
800,1116,459,3673, overig
529,1900,1350,3630, overig
854,1208,773,3535, overig
922,1072,677,2456, overig
422,694,908,2896, overig
349,960,1212,5216, overig
349,988,557,2440, overig
486,837,1292,3391, overig
819,1306,902,3798, overig
1036,706,959,3292, overig
964,506,1268,2507, overig
922,1122,590,3460, overig
885,1090,1346,2143, overig
551,875,495,2574, overig
545,1136,1418,3881, overig
442,1242,486,3210, overig
399,724,738,2868, overig
448,770,1036,2337, overig
447,1214,1100,2596, overig
585,1176,594,2642, overig
767,651,1506,4252, overig
296,2060,893,3176, overig
922,1068,706,4637, overig
1120,411,390,3558, overig
473,1034,568,5180, overig
547,1110,697,3248, overig
714,958,461,5153, overig
501,999,1206,4434, overig
571,1092,657,2755, overig
493,1766,977,3210, overig
257,602,863,3868, overig
307,1206,702,2988, overig
1212,979,964,2770, overig
894,1170,1824,4708, overig
565,961,1322,4685, overig
713,1478,668,3208, overig
508,432,919,4908, overig
1066,601,1078,3732, overig
808,952,2106,2759, overig
445,797,574,3938, overig
655,1102,1034,5020, overig
446,412,1768,4659, overig
521,857,1440,2339, overig
221,1068,513,4637, overig
537,1676,676,4784, overig
779,739,325,2776, overig
225,1604,1498,2979, overig
804,1234,684,3099, overig
1070,984,562,4683, overig
857,737,328,2134, overig
982,608,878,1830, overig
767,1154,1262,1126, overig
1162,1094,1062,4460, overig
443,1060,1482,3710, overig
523,1390,482,5036, overig
476,837,1478,3844, overig
576,894,525,3910, overig
979,1188,394,2655, overig
911,1038,677,4197, overig
650,1007,777,4908, overig
639,1314,2686,3657, overig
372,1340,345,2232, overig
407,967,348,2646, overig
1004,1028,1224,3438, overig
463,1752,217,3063, overig
642,727,1294,3935, overig
236,1018,998,4156, overig
637,850,1214,4761, overig
976,1202,770,2339, overig
824,975,631,2680, overig
465,763,1410,3144, overig
795,403,1036,3389, overig
796,1160,606,4440, overig
334,736,1028,2274, overig
337,394,677,4040, overig
739,471,826,3508, overig
271,883,667,4480, overig
1154,902,1524,4196, overig
1262,1228,944,3030, overig
420,1064,795,5004, overig
466,1634,676,4852, overig
566,689,970,3300, overig
1036,1260,412,5096, overig
488,1082,1776,2591, overig
689,565,939,3251, overig
388,1368,909,3174, overig
526,863,526,4011, overig
1114,1268,780,3587, overig
745,941,653,3441, overig
1362,1266,1242,2646, overig
857,1420,1358,3229, overig
364,568,2054,3979, overig
556,2200,560,3340, overig
271,1018,1134,3693, overig
288,512,1178,4909, overig
326,775,1310,2987, overig
458,973,1206,2723, overig
1044,763,973,2396, overig
531,1202,869,3061, overig
1180,831,884,3823, overig
763,1382,869,2666, overig
613,780,886,3977, overig
318,1176,526,3120, overig
445,896,543,4639, overig
319,1602,1296,4892, overig
431,1008,1382,3200, overig
469,2180,1532,2969, overig
521,1602,746,2458, overig
285,1001,550,4749, overig
775,660,551,2082, overig
531,1684,799,2593, overig
337,675,973,2798, overig
488,1454,1222,2846, overig
319,1296,438,4183, overig
502,1120,912,4060, overig
461,1268,1332,5224, overig
540,687,682,3084, overig
486,474,325,2631, overig
1086,1140,433,2261, overig
794,999,406,1883, overig
650,492,366,4545, overig
434,380,528,2957, overig
521,1030,1064,2899, overig
559,946,704,3374, overig
476,890,1122,4198, overig
513,1310,1274,2798, overig
418,806,584,3440, overig
429,940,639,5207, overig
606,1096,693,4929, overig
526,722,632,3260, overig
446,1124,913,2526, overig
415,996,1164,5069, overig
1024,975,290,4373, overig
924,565,624,3681, overig
491,733,1410,5347, overig
530,681,697,5205, overig
516,1078,699,3187, overig
1220,1312,846,4984, overig
427,708,1340,4212, overig
619,996,814,1866, overig
797,1750,1034,2128, overig
706,1044,663,2691, overig
1070,1318,631,3645, overig
456,1130,565,3658, overig
454,2062,972,2955, overig
1246,1190,482,5193, overig
228,1028,1582,2984, overig
780,1676,775,3177, overig
581,1018,568,3710, overig
635,1094,325,3441, overig
474,747,1023,2338, overig
420,460,742,4310, overig
737,1098,447,4166, overig
502,273,564,3757, overig
1844,471,1588,3571, overig
440,1310,534,4420, overig
441,1138,1378,2905, overig
487,984,780,2985, overig
573,1478,696,2734, overig
899,1142,1810,3249, overig
688,1104,1134,2455, overig
1268,965,1510,2655, overig
572,590,316,2801, overig
420,1124,1022,5197, overig
839,982,584,3248, overig
1068,770,1594,2949, overig
1904,946,1358,3085, overig
534,962,1192,3349, overig
525,1156,1510,3238, overig
464,1060,1092,4090, overig
310,614,280,3992, akkerland
249,458,263,3830, akkerland
254,416,285,3907, akkerland
292,638,275,4395, akkerland
235,397,238,1891, akkerland
258,414,242,4152, akkerland
434,442,294,4287, akkerland
235,551,265,3654, akkerland
292,737,292,4000, akkerland
625,445,273,3986, akkerland
309,407,275,4304, akkerland
245,540,294,4143, akkerland
291,404,279,3919, akkerland
317,517,281,4084, akkerland
253,440,303,4042, akkerland
297,567,404,3593, akkerland
515,452,271,4496, akkerland
264,585,351,4357, akkerland
275,424,291,4444, akkerland
252,641,348,3911, akkerland
324,533,419,5067, akkerland
255,430,271,4251, akkerland
532,448,266,4320, akkerland
237,426,303,2977, akkerland
275,457,277,3980, akkerland
270,447,278,4068, akkerland
299,670,267,4361, akkerland
293,602,289,2894, akkerland
259,403,651,3382, akkerland
241,535,238,4372, akkerland
270,402,253,3501, akkerland
521,696,302,5247, akkerland
258,565,281,3338, akkerland
280,745,296,4507, akkerland
238,706,276,4188, akkerland
312,509,252,1685, akkerland
289,539,284,4067, akkerland
351,433,253,4584, akkerland
249,738,350,4265, akkerland
288,672,312,1854, akkerland
301,408,280,2241, akkerland
308,586,912,3930, akkerland
338,436,984,3870, akkerland
235,489,267,4316, akkerland
278,565,264,3791, akkerland
328,428,504,4264, akkerland
255,456,281,4716, akkerland
393,539,254,4240, akkerland
294,500,1086,3992, akkerland
256,534,429,4062, akkerland
317,488,259,4320, akkerland
274,454,246,1620, akkerland
258,408,303,3953, akkerland
276,399,274,4235, akkerland
265,775,307,4020, akkerland
288,676,278,4471, akkerland
309,595,284,4290, akkerland
298,528,288,3437, akkerland
312,507,258,1808, akkerland
597,673,317,4162, akkerland
256,491,300,4272, akkerland
288,802,245,4190, akkerland
266,406,339,5196, akkerland
347,425,292,3736, akkerland
256,523,254,4499, akkerland
256,424,458,4297, akkerland
256,504,270,4408, akkerland
266,503,280,4266, akkerland
438,410,296,3890, akkerland
292,512,321,3376, akkerland
266,406,318,4232, akkerland
286,435,276,4120, akkerland
262,739,280,4605, akkerland
220,623,311,3950, akkerland
312,681,265,4393, akkerland
281,450,317,4173, akkerland
298,416,259,4012, akkerland
290,604,282,4321, akkerland
245,659,340,4511, akkerland
262,474,290,4785, akkerland
261,479,277,3970, akkerland
256,578,285,4391, akkerland
305,421,314,4061, akkerland
276,375,1020,5393, akkerland
307,476,252,4159, akkerland
478,672,242,4056, akkerland
289,417,265,4304, akkerland
250,413,288,3893, akkerland
239,497,288,3835, akkerland
345,429,319,4153, akkerland
311,683,278,4560, akkerland
253,774,236,4180, akkerland
527,677,291,2598, akkerland
259,508,479,3839, akkerland
281,480,258,4136, akkerland
226,437,235,4252, akkerland
323,821,328,4405, akkerland
284,649,264,4303, akkerland
272,528,258,4247, akkerland
291,745,984,4632, akkerland
319,449,325,3979, akkerland
320,418,729,4503, akkerland
256,480,284,3310, akkerland
258,534,359,3842, akkerland
330,446,1094,4347, akkerland
226,440,296,3405, akkerland
320,521,260,3957, akkerland
257,676,291,4250, akkerland
268,526,294,4188, akkerland
615,530,247,4437, akkerland
670,511,247,3498, akkerland
595,796,281,4628, akkerland
250,497,307,4075, akkerland
286,528,308,4472, akkerland
354,687,287,4065, akkerland
296,444,258,4492, akkerland
281,460,301,4596, akkerland
315,468,288,4324, akkerland
269,555,626,3752, akkerland
274,457,468,4330, akkerland
260,471,259,4296, akkerland
279,387,300,4159, akkerland
257,500,310,4772, akkerland
341,496,643,4388, akkerland
248,731,311,4208, akkerland
246,401,268,4147, akkerland
628,457,292,4416, akkerland
356,472,273,4216, akkerland
261,680,282,3779, akkerland
236,421,282,4452, akkerland
220,558,255,4424, akkerland
232,667,290,4308, akkerland
243,403,264,4124, akkerland
334,743,295,3774, akkerland
472,460,299,4122, akkerland
226,576,272,4607, akkerland
254,492,275,1683, akkerland
281,508,290,4563, akkerland
267,610,277,1690, akkerland
283,437,263,3429, akkerland
283,521,305,3873, akkerland
344,414,664,3987, akkerland
366,854,270,4013, akkerland
274,429,246,4296, akkerland
591,430,283,4122, akkerland
257,506,240,4095, akkerland
258,653,279,4556, akkerland
342,463,254,4359, akkerland
326,438,297,4395, akkerland
266,460,298,4196, akkerland
278,516,267,4309, akkerland
263,442,261,4312, akkerland
226,440,1044,4533, akkerland
241,533,254,4580, akkerland
277,446,334,4108, akkerland
356,446,275,4773, akkerland
320,547,243,4287, akkerland
245,675,279,3260, akkerland
264,424,351,3940, akkerland
292,399,305,4180, akkerland
224,509,288,4349, akkerland
251,458,235,3959, akkerland
264,459,265,5081, akkerland
305,748,264,4296, akkerland
382,520,262,3370, akkerland
293,445,264,4460, akkerland
290,491,254,4183, akkerland
267,709,276,3747, akkerland
528,425,299,1750, akkerland
292,421,311,4075, akkerland
286,500,262,4067, akkerland
249,537,328,4049, akkerland
251,513,965,4924, akkerland
258,585,253,3850, akkerland
276,589,282,4018, akkerland
260,618,352,4171, akkerland
289,409,432,2930, akkerland
276,429,318,4161, akkerland
319,498,956,4388, akkerland
252,489,281,3353, akkerland
297,433,287,4093, akkerland
275,582,268,3475, akkerland
361,562,298,4264, akkerland
331,746,291,4082, akkerland
602,429,295,3875, akkerland
293,444,298,3807, akkerland
305,469,432,3112, akkerland
231,897,268,2375, akkerland
255,424,262,2763, akkerland
250,535,302,4175, akkerland
239,478,253,3731, akkerland
257,550,266,5201, akkerland
474,502,493,3764, akkerland
274,449,991,4307, akkerland
298,502,319,4564, akkerland
246,445,500,4898, akkerland
274,646,274,4231, akkerland
295,489,354,4382, akkerland
251,468,307,4217, akkerland
263,521,261,4383, akkerland
337,460,277,4160, akkerland
536,440,303,4275, akkerland
318,525,274,4428, akkerland
254,469,251,4392, akkerland
254,455,299,4400, akkerland
293,460,254,5061, akkerland
283,421,279,2664, akkerland
319,664,300,4560, akkerland
507,413,263,4352, akkerland
317,596,306,4783, akkerland
243,401,277,3979, akkerland
347,562,361,4124, akkerland
270,485,305,4348, akkerland
306,562,291,3985, akkerland
527,772,271,4504, akkerland
337,459,320,4748, akkerland
251,541,281,4533, akkerland
292,540,998,4545, akkerland
272,379,233,4296, akkerland
284,529,304,4492, akkerland
274,733,275,3972, akkerland
254,719,278,4099, akkerland
305,485,375,4120, akkerland
249,472,307,1617, akkerland
266,722,318,4909, akkerland
289,498,316,4665, akkerland
254,398,951,3143, akkerland
448,535,276,4196, akkerland
370,431,395,4287, akkerland
290,527,305,4466, akkerland
278,659,307,3971, akkerland
276,695,434,3862, akkerland
248,826,465,1826, akkerland
324,441,265,3979, akkerland
274,539,275,2994, akkerland
256,832,307,4315, akkerland
275,445,297,4424, akkerland
279,572,292,3614, akkerland
252,551,300,3879, akkerland
227,525,266,4021, akkerland
236,429,300,4283, akkerland
256,515,307,4215, akkerland
256,803,296,4441, akkerland
272,493,291,4333, akkerland
271,525,290,4232, akkerland
254,473,304,4313, akkerland
268,510,249,3960, akkerland
321,446,257,4126, akkerland
322,484,294,3781, akkerland
309,448,282,4311, akkerland
320,329,233,2367, bos: gemengd bos
293,365,265,1884, bos: gemengd bos
260,490,200,2075, bos: gemengd bos
287,432,262,1788, bos: gemengd bos
350,375,252,2544, bos: gemengd bos
279,421,298,1940, bos: gemengd bos
250,404,361,3096, bos: gemengd bos
245,336,333,2972, bos: gemengd bos
235,372,324,2243, bos: gemengd bos
298,387,547,4329, bos: gemengd bos
145,400,264,2374, bos: gemengd bos
242,482,260,2448, bos: gemengd bos
321,388,272,2975, bos: gemengd bos
202,377,235,2627, bos: gemengd bos
224,429,251,2425, bos: gemengd bos
235,511,264,1988, bos: gemengd bos
250,436,448,2864, bos: gemengd bos
228,394,241,2076, bos: gemengd bos
276,382,506,2316, bos: gemengd bos
257,457,229,2609, bos: gemengd bos
274,484,234,2578, bos: gemengd bos
289,319,251,1927, bos: gemengd bos
254,476,277,2046, bos: gemengd bos
309,368,243,2232, bos: gemengd bos
248,469,260,2148, bos: gemengd bos
240,677,453,2378, bos: gemengd bos
333,330,301,3063, bos: gemengd bos
259,378,268,2390, bos: gemengd bos
259,375,262,2241, bos: gemengd bos
321,390,316,2265, bos: gemengd bos
281,397,287,1650, bos: gemengd bos
230,416,289,2161, bos: gemengd bos
284,335,242,2722, bos: gemengd bos
315,361,265,2222, bos: gemengd bos
281,389,262,2407, bos: gemengd bos
598,413,655,2658, bos: gemengd bos
238,381,284,2285, bos: gemengd bos
280,393,291,2316, bos: gemengd bos
237,359,329,2258, bos: gemengd bos
282,378,873,2025, bos: gemengd bos
233,349,261,1526, bos: gemengd bos
421,641,226,2522, bos: gemengd bos
258,541,652,2663, bos: gemengd bos
326,529,256,2700, bos: gemengd bos
521,377,293,2294, bos: gemengd bos
267,347,763,2273, bos: gemengd bos
262,359,239,2154, bos: gemengd bos
227,345,423,2099, bos: gemengd bos
331,364,304,2180, bos: gemengd bos
319,374,298,3334, bos: gemengd bos
279,397,250,3012, bos: gemengd bos
250,316,280,2483, bos: gemengd bos
261,648,201,2231, bos: gemengd bos
275,365,255,2128, bos: gemengd bos
259,399,230,2081, bos: gemengd bos
292,337,295,1945, bos: gemengd bos
318,396,325,2751, bos: gemengd bos
239,376,276,4120, bos: gemengd bos
242,372,243,2584, bos: gemengd bos
248,722,267,2488, bos: gemengd bos
252,510,241,2394, bos: gemengd bos
207,380,245,2103, bos: gemengd bos
256,481,348,2180, bos: gemengd bos
266,404,247,2953, bos: gemengd bos
292,1050,437,2258, bos: gemengd bos
289,360,319,2503, bos: gemengd bos
225,361,246,2946, bos: gemengd bos
621,393,291,2267, bos: gemengd bos
233,365,448,2670, bos: gemengd bos
280,495,398,2724, bos: gemengd bos
224,403,280,3585, bos: gemengd bos
324,558,294,2257, bos: gemengd bos
247,927,597,1676, bos: gemengd bos
295,402,336,2236, bos: gemengd bos
384,416,279,2979, bos: gemengd bos
225,343,253,2584, bos: gemengd bos
278,372,377,2156, bos: gemengd bos
266,506,1202,1771, bos: gemengd bos
408,662,462,2178, bos: gemengd bos
216,349,391,2592, bos: gemengd bos
277,567,294,1980, bos: gemengd bos
234,355,254,1958, bos: gemengd bos
458,310,308,355, bos: gemengd bos
239,414,229,2950, bos: gemengd bos
273,750,307,2540, bos: gemengd bos
248,345,283,2279, bos: gemengd bos
260,457,316,2004, bos: gemengd bos
255,326,334,2177, bos: gemengd bos
257,370,805,2866, bos: gemengd bos
315,361,386,2074, bos: gemengd bos
171,387,244,3626, bos: gemengd bos
372,384,371,2985, bos: gemengd bos
243,374,264,2500, bos: gemengd bos
296,535,281,2524, bos: gemengd bos
269,880,880,2524, bos: gemengd bos
199,341,421,2408, bos: gemengd bos
232,349,276,2035, bos: gemengd bos
266,613,332,2019, bos: gemengd bos
287,385,297,2806, bos: gemengd bos
251,404,225,2487, bos: gemengd bos
233,320,910,2343, bos: gemengd bos
555,420,283,2250, bos: gemengd bos
285,351,216,2195, bos: gemengd bos
242,308,255,2198, bos: gemengd bos
259,406,238,2088, bos: gemengd bos
224,335,262,2423, bos: gemengd bos
281,346,332,2437, bos: gemengd bos
246,330,415,2047, bos: gemengd bos
244,382,303,2311, bos: gemengd bos
236,371,353,2222, bos: gemengd bos
236,360,348,2686, bos: gemengd bos
325,379,231,2691, bos: gemengd bos
265,467,289,1930, bos: gemengd bos
264,428,1192,2618, bos: gemengd bos
250,330,262,2393, bos: gemengd bos
243,291,241,2061, bos: gemengd bos
183,404,446,1862, bos: gemengd bos
336,352,250,2423, bos: gemengd bos
288,348,223,3579, bos: gemengd bos
252,335,306,2513, bos: gemengd bos
281,431,434,2502, bos: gemengd bos
270,384,315,2298, bos: gemengd bos
298,356,2894,2278, bos: gemengd bos
284,415,236,1873, bos: gemengd bos
455,343,640,2483, bos: gemengd bos
255,356,279,2246, bos: gemengd bos
270,400,338,2851, bos: gemengd bos
420,308,323,2765, bos: gemengd bos
293,436,310,2145, bos: gemengd bos
286,342,284,2089, bos: gemengd bos
242,736,329,1517, bos: gemengd bos
208,330,588,2422, bos: gemengd bos
253,378,297,2822, bos: gemengd bos
250,390,219,2331, bos: gemengd bos
243,705,972,2332, bos: gemengd bos
330,323,437,2099, bos: gemengd bos
254,396,247,2142, bos: gemengd bos
241,404,378,2638, bos: gemengd bos
259,619,306,1917, bos: gemengd bos
373,388,276,2344, bos: gemengd bos
252,386,277,2217, bos: gemengd bos
239,413,416,2287, bos: gemengd bos
227,365,279,2150, bos: gemengd bos
265,425,321,3217, bos: gemengd bos
248,364,212,2602, bos: gemengd bos
336,756,354,2405, bos: gemengd bos
237,538,577,2113, bos: gemengd bos
207,390,276,2883, bos: gemengd bos
226,360,325,2398, bos: gemengd bos
262,445,310,2256, bos: gemengd bos
246,327,258,2078, bos: gemengd bos
262,413,304,2042, bos: gemengd bos
301,383,295,2319, bos: gemengd bos
237,303,278,1689, bos: gemengd bos
278,339,546,2967, bos: gemengd bos
255,367,1576,1914, bos: gemengd bos
279,361,197,2372, bos: gemengd bos
260,339,304,1873, bos: gemengd bos
258,303,442,2952, bos: gemengd bos
297,383,391,2259, bos: gemengd bos
295,403,684,2228, bos: gemengd bos
204,415,385,2789, bos: gemengd bos
205,398,306,2136, bos: gemengd bos
243,377,218,2494, bos: gemengd bos
258,586,510,2293, bos: gemengd bos
243,338,271,2358, bos: gemengd bos
248,411,355,2244, bos: gemengd bos
287,357,556,2121, bos: gemengd bos
233,1424,240,1973, bos: gemengd bos
221,406,269,2082, bos: gemengd bos
262,437,424,2005, bos: gemengd bos
239,507,307,1765, bos: gemengd bos
281,317,196,2902, bos: gemengd bos
267,327,216,2979, bos: gemengd bos
267,387,240,2334, bos: gemengd bos
313,424,256,2905, bos: gemengd bos
279,280,319,2239, bos: gemengd bos
224,312,311,1849, bos: gemengd bos
276,405,218,2239, bos: gemengd bos
294,423,278,2771, bos: gemengd bos
260,461,231,2025, bos: gemengd bos
227,370,309,4008, bos: gemengd bos
271,342,233,2002, bos: gemengd bos
393,401,245,2007, bos: gemengd bos
322,448,391,2647, bos: gemengd bos
249,369,271,2338, bos: gemengd bos
233,403,274,2056, bos: gemengd bos
244,365,242,2507, bos: gemengd bos
296,309,278,3200, bos: gemengd bos
231,370,279,2226, bos: gemengd bos
250,415,397,3006, bos: gemengd bos
265,334,284,2585, bos: gemengd bos
283,392,280,2304, bos: gemengd bos
262,397,291,2603, bos: gemengd bos
214,530,381,2411, bos: gemengd bos
343,420,353,1692, bos: gemengd bos
185,415,321,2450, bos: gemengd bos
209,620,233,1932, bos: gemengd bos
497,423,211,2326, bos: gemengd bos
458,691,266,2229, bos: gemengd bos
280,391,218,2110, bos: gemengd bos
254,1454,294,2566, bos: gemengd bos
269,424,310,2272, bos: gemengd bos
238,401,226,2961, bos: gemengd bos
245,379,335,2077, bos: gemengd bos
276,372,276,2657, bos: gemengd bos
292,691,217,2676, bos: gemengd bos
280,437,280,2462, bos: gemengd bos
249,383,280,2177, bos: gemengd bos
291,511,314,3229, bos: gemengd bos
238,388,404,1910, bos: gemengd bos
295,362,251,1490, bos: gemengd bos
264,380,263,2462, bos: gemengd bos
265,402,268,2796, bos: gemengd bos
236,491,396,2279, bos: gemengd bos
260,326,305,2611, bos: gemengd bos
250,469,322,2444, bos: gemengd bos
311,362,328,3006, bos: gemengd bos
234,432,276,2281, bos: gemengd bos
297,343,278,2864, bos: gemengd bos
319,371,377,2677, bos: gemengd bos
219,415,233,2269, bos: gemengd bos
271,336,325,2256, bos: gemengd bos
256,382,221,2388, bos: gemengd bos
342,360,206,2232, bos: gemengd bos
220,384,286,1968, bos: gemengd bos
338,414,244,2072, bos: gemengd bos
284,345,249,2145, bos: gemengd bos
250,628,385,2040, bos: gemengd bos
257,477,312,2746, bos: gemengd bos
247,296,360,2681, bos: gemengd bos
294,428,260,2309, bos: gemengd bos
205,373,247,2846, bos: gemengd bos
241,592,300,2151, bos: gemengd bos
194,372,324,2474, bos: gemengd bos
284,401,194,1841, bos: gemengd bos
216,331,438,2470, bos: gemengd bos
289,326,585,1813, bos: gemengd bos
215,543,213,2310, bos: gemengd bos
272,343,273,2473, bos: gemengd bos
251,449,328,1847, bos: gemengd bos
209,378,2142,1393, bos: gemengd bos
246,416,342,2106, bos: gemengd bos
263,356,254,2474, bos: gemengd bos
250,390,295,2321, bos: gemengd bos
287,357,311,2206, bos: gemengd bos
252,382,528,3105, bos: gemengd bos
258,425,280,2514, bos: gemengd bos
364,403,264,2977, bos: gemengd bos
271,408,358,1994, bos: gemengd bos
261,556,708,2453, bebouwd gebied
1054,879,760,2032, bebouwd gebied
879,850,713,1923, bebouwd gebied
610,686,1266,1937, bebouwd gebied
526,832,910,1735, bebouwd gebied
549,452,597,1509, bebouwd gebied
782,897,641,1310, bebouwd gebied
1108,983,896,1402, bebouwd gebied
695,1310,993,1106, bebouwd gebied
583,997,791,1324, bebouwd gebied
556,773,536,1489, bebouwd gebied
401,512,1138,2149, bebouwd gebied
458,557,1206,1516, bebouwd gebied
714,473,573,2441, bebouwd gebied
767,718,1502,1481, bebouwd gebied
485,594,289,2066, bebouwd gebied
541,1168,833,1968, bebouwd gebied
295,732,605,2215, bebouwd gebied
663,274,641,2831, bebouwd gebied
755,809,1210,2321, bebouwd gebied
426,884,630,1615, bebouwd gebied
802,860,1068,2151, bebouwd gebied
1013,808,828,1143, bebouwd gebied
909,595,329,1405, bebouwd gebied
729,827,827,1358, bebouwd gebied
612,897,791,1026, bebouwd gebied
677,847,500,1157, bebouwd gebied
420,780,1166,2287, bebouwd gebied
785,1042,591,2381, bebouwd gebied
524,1328,1021,1922, bebouwd gebied
943,722,1058,2632, bebouwd gebied
547,638,1272,1084, bebouwd gebied
824,397,1324,1427, bebouwd gebied
641,1178,1260,15680, bebouwd gebied
810,499,1030,1619, bebouwd gebied
653,951,692,2199, bebouwd gebied
920,482,818,2261, bebouwd gebied
576,553,378,1521, bebouwd gebied
343,825,616,1620, bebouwd gebied
631,805,1520,1281, bebouwd gebied
580,582,1410,1820, bebouwd gebied
1156,723,1494,1339, bebouwd gebied
742,675,773,2767, bebouwd gebied
700,480,784,1760, bebouwd gebied
583,1174,628,1683, bebouwd gebied
730,1015,875,1405, bebouwd gebied
389,816,290,1775, bebouwd gebied
447,1400,1314,1861, bebouwd gebied
594,830,1228,1187, bebouwd gebied
847,744,1106,916, bebouwd gebied
565,978,1122,2988, bebouwd gebied
744,624,1308,1290, bebouwd gebied
350,943,1070,824, bebouwd gebied
464,905,1016,2202, bebouwd gebied
599,711,467,1649, bebouwd gebied
510,1222,866,3101, bebouwd gebied
762,997,1152,1437, bebouwd gebied
693,1015,699,1937, bebouwd gebied
606,347,1186,974, bebouwd gebied
767,778,1332,1628, bebouwd gebied
972,1764,1270,2724, bebouwd gebied
518,507,828,2038, bebouwd gebied
308,848,401,2443, bebouwd gebied
846,785,836,1999, bebouwd gebied
778,764,845,1818, bebouwd gebied
450,762,710,2060, bebouwd gebied
603,1948,1974,3222, bebouwd gebied
677,586,724,2257, bebouwd gebied
683,1070,932,1953, bebouwd gebied
626,733,376,1678, bebouwd gebied
506,784,497,1482, bebouwd gebied
576,480,1384,697, bebouwd gebied
758,789,671,1421, bebouwd gebied
763,959,971,935, bebouwd gebied
1936,916,574,1575, bebouwd gebied
485,1508,1282,1101, bebouwd gebied
511,1230,848,1759, bebouwd gebied
582,615,483,1708, bebouwd gebied
759,788,1112,2123, bebouwd gebied
591,935,756,1863, bebouwd gebied
677,753,1048,1217, bebouwd gebied
562,879,612,1791, bebouwd gebied
688,791,758,1298, bebouwd gebied
1020,979,633,2673, bebouwd gebied
496,753,645,1369, bebouwd gebied
732,665,461,2325, bebouwd gebied
780,644,719,3220, bebouwd gebied
605,591,1015,1598, bebouwd gebied
569,503,554,2183, bebouwd gebied
501,1082,809,1664, bebouwd gebied
395,1780,1110,2232, bebouwd gebied
522,588,577,1202, bebouwd gebied
275,949,909,1873, bebouwd gebied
474,550,800,3342, bebouwd gebied
284,779,494,1974, bebouwd gebied
553,761,1266,1605, bebouwd gebied
624,1438,913,1475, bebouwd gebied
320,999,716,2281, bebouwd gebied
255,520,913,2012, bebouwd gebied
811,770,426,2327, bebouwd gebied
847,588,988,1692, bebouwd gebied
812,930,753,1968, bebouwd gebied
756,679,654,1953, bebouwd gebied
714,594,901,1946, bebouwd gebied
808,1172,445,1526, bebouwd gebied
630,863,1410,1542, bebouwd gebied
880,804,522,1272, bebouwd gebied
267,997,321,1076, bebouwd gebied
451,626,828,2156, bebouwd gebied
590,971,911,1544, bebouwd gebied
655,798,1078,1791, bebouwd gebied
730,875,418,2819, bebouwd gebied
938,811,1014,1735, bebouwd gebied
317,974,682,1058, bebouwd gebied
498,969,1120,2122, bebouwd gebied
515,619,755,1837, bebouwd gebied
285,398,876,1642, bebouwd gebied
443,462,621,2055, bebouwd gebied
881,517,648,864, bebouwd gebied
230,932,957,1496, bebouwd gebied
907,576,493,2331, bebouwd gebied
650,1194,777,1885, bebouwd gebied
648,976,519,1249, bebouwd gebied
650,878,698,974, bebouwd gebied
416,465,239,1813, bebouwd gebied
1262,580,1708,1212, bebouwd gebied
291,519,1076,1896, bebouwd gebied
501,577,382,1809, bebouwd gebied
354,460,769,1375, bebouwd gebied
519,738,1003,1807, bebouwd gebied
604,567,1148,2427, bebouwd gebied
504,717,1015,2170, bebouwd gebied
714,899,664,1396, bebouwd gebied
597,659,894,1958, bebouwd gebied
695,703,689,2242, bebouwd gebied
627,1700,952,1653, bebouwd gebied
640,711,436,1879, bebouwd gebied
619,1082,877,2230, bebouwd gebied
722,581,1138,2462, bebouwd gebied
994,763,664,2137, bebouwd gebied
307,879,730,1648, bebouwd gebied
788,863,974,597, bebouwd gebied
723,760,693,3238, bebouwd gebied
386,653,1076,1642, bebouwd gebied
671,764,604,1453, bebouwd gebied
311,1134,940,2988, bebouwd gebied
614,998,537,1866, bebouwd gebied
541,1362,724,2192, bebouwd gebied
464,676,884,1651, bebouwd gebied
262,644,619,967, bebouwd gebied
851,1458,933,1560, bebouwd gebied
781,579,816,2263, bebouwd gebied
731,860,371,2218, bebouwd gebied
598,760,720,1893, bebouwd gebied
661,655,1152,2389, bebouwd gebied
709,908,724,1843, bebouwd gebied
534,990,444,1494, bebouwd gebied
824,721,918,1981, bebouwd gebied
1044,897,804,1337, bebouwd gebied
680,1036,836,2008, bebouwd gebied
390,658,1038,1794, bebouwd gebied
539,569,276,1580, bebouwd gebied
546,791,1021,2162, bebouwd gebied
731,767,999,1703, bebouwd gebied
547,1194,586,1594, bebouwd gebied
556,799,1022,1807, bebouwd gebied
620,840,375,1665, bebouwd gebied
630,729,884,1584, bebouwd gebied
847,954,731,896, bebouwd gebied
700,810,913,1818, bebouwd gebied
253,817,597,1458, bebouwd gebied
1270,965,1132,2964, bebouwd gebied
680,604,1394,2574, bebouwd gebied
572,897,416,1940, bebouwd gebied
927,794,951,1083, bebouwd gebied
905,702,891,1946, bebouwd gebied
263,476,702,1585, bebouwd gebied
234,869,611,2323, bebouwd gebied
398,549,712,3175, bebouwd gebied
487,1044,646,1592, bebouwd gebied
760,685,991,1076, bebouwd gebied
351,1204,473,1654, bebouwd gebied
605,945,998,1516, bebouwd gebied
986,916,821,1858, bebouwd gebied
782,749,500,2321, bebouwd gebied
918,547,903,1994, bebouwd gebied
476,959,849,2785, bebouwd gebied
861,985,857,1494, bebouwd gebied
641,763,1588,2033, bebouwd gebied
688,778,737,1974, bebouwd gebied
696,987,1318,1858, bebouwd gebied
1028,805,902,1833, bebouwd gebied
466,968,419,1605, bebouwd gebied
868,528,1148,1272, bebouwd gebied
520,1508,535,1673, bebouwd gebied
736,741,624,2105, bebouwd gebied
611,804,348,1555, bebouwd gebied
470,741,868,1814, bebouwd gebied
537,724,811,1742, bebouwd gebied
274,889,325,1428, bebouwd gebied
1196,832,1132,3342, bebouwd gebied
467,941,336,1615, bebouwd gebied
969,609,770,2188, bebouwd gebied
518,486,928,2475, bebouwd gebied
478,642,1482,1759, bebouwd gebied
644,933,492,1608, bebouwd gebied
597,1244,1015,1426, bebouwd gebied
925,526,1122,2474, bebouwd gebied
922,926,1210,2026, bebouwd gebied
330,526,531,1916, bebouwd gebied
379,396,499,2121, bebouwd gebied
528,969,1126,1823, bebouwd gebied
565,820,1036,1990, bebouwd gebied
611,923,805,1578, bebouwd gebied
791,1096,479,1747, bebouwd gebied
666,646,771,1505, bebouwd gebied
253,942,814,2174, bebouwd gebied
633,763,1080,3682, bebouwd gebied
525,756,1038,2271, bebouwd gebied
638,1656,728,944, bebouwd gebied
381,691,388,1251, bebouwd gebied
349,819,827,2414, bebouwd gebied
675,773,752,1174, bebouwd gebied
485,5948,538,3238, bebouwd gebied
605,742,403,2099, bebouwd gebied
861,1000,1082,1570, bebouwd gebied
425,639,634,2414, bebouwd gebied
530,5952,1344,1735, bebouwd gebied
547,932,499,1816, bebouwd gebied
792,934,797,1437, bebouwd gebied
662,1126,739,1156, bebouwd gebied
459,651,763,1346, bebouwd gebied
479,696,793,1385, bebouwd gebied
848,844,973,1471, bebouwd gebied
385,782,716,1653, bebouwd gebied
659,880,769,1689, bebouwd gebied
798,648,957,1450, bebouwd gebied
409,755,671,2009, bebouwd gebied
466,871,1134,1367, bebouwd gebied
534,624,1082,1786, bebouwd gebied
563,1019,1974,2338, bebouwd gebied
500,596,455,976, bebouwd gebied
871,957,993,2739, bebouwd gebied
616,5088,1064,2160, bebouwd gebied
446,1434,1228,1100, bebouwd gebied
934,890,536,1976, bebouwd gebied
593,1078,1012,1310, bebouwd gebied
458,692,850,1759, bebouwd gebied
354,1006,1836,1238, bebouwd gebied
554,991,1000,2341, bebouwd gebied
306,648,349,4424, grasland
403,661,465,3472, grasland
287,590,308,4335, grasland
430,769,513,3735, grasland
434,722,452,3392, grasland
275,576,307,4682, grasland
269,580,310,4144, grasland
327,678,362,3630, grasland
365,602,369,2929, grasland
285,555,286,4750, grasland
261,567,287,4783, grasland
265,562,292,4704, grasland
254,510,271,3683, grasland
278,535,310,3394, grasland
300,463,315,2130, grasland
286,440,304,2466, grasland
262,567,305,4444, grasland
272,561,280,4765, grasland
261,549,283,4919, grasland
256,562,271,4868, grasland
224,451,219,3812, grasland
213,451,263,3155, grasland
357,532,345,2592, grasland
364,550,337,1891, grasland
